{
    "P": {
        "0.0": 0.032629213483145764,
        "0.1111111111111111": 0.032629213483145764,
        "0.2222222222222222": 0.032629213483145764,
        "0.3333333333333333": 0.032629213483145764,
        "0.4444444444444444": 0.032629213483145764,
        "0.5555555555555556": 0.032629213483145764,
        "0.6666666666666666": 0.032629213483145764,
        "0.7777777777777777": 0.032629213483145764,
        "0.8888888888888888": 0.032629213483145764,
        "1.0": 0.032629213483145764
    },
    "R": {
        "0.0": 0.8157303370786517,
        "0.1111111111111111": 0.8157303370786517,
        "0.2222222222222222": 0.8157303370786517,
        "0.3333333333333333": 0.8157303370786517,
        "0.4444444444444444": 0.8157303370786517,
        "0.5555555555555556": 0.8157303370786517,
        "0.6666666666666666": 0.8157303370786517,
        "0.7777777777777777": 0.8157303370786517,
        "0.8888888888888888": 0.8157303370786517,
        "1.0": 0.8157303370786517
    },
    "AP": {
        "0.0": 0.6446974926624455,
        "0.1111111111111111": 0.6446974926624455,
        "0.2222222222222222": 0.6446974926624455,
        "0.3333333333333333": 0.6446974926624455,
        "0.4444444444444444": 0.6446974926624455,
        "0.5555555555555556": 0.6446974926624455,
        "0.6666666666666666": 0.6446974926624455,
        "0.7777777777777777": 0.6446974926624455,
        "0.8888888888888888": 0.6446974926624455,
        "1.0": 0.6446974926624455
    },
    "RP": {
        "0.0": 0.5685393258426966,
        "0.1111111111111111": 0.5685393258426966,
        "0.2222222222222222": 0.5685393258426966,
        "0.3333333333333333": 0.5685393258426966,
        "0.4444444444444444": 0.5685393258426966,
        "0.5555555555555556": 0.5685393258426966,
        "0.6666666666666666": 0.5685393258426966,
        "0.7777777777777777": 0.5685393258426966,
        "0.8888888888888888": 0.5685393258426966,
        "1.0": 0.5685393258426966
    },
    "RR": {
        "0.0": 0.6446974926624455,
        "0.1111111111111111": 0.6446974926624455,
        "0.2222222222222222": 0.6446974926624455,
        "0.3333333333333333": 0.6446974926624455,
        "0.4444444444444444": 0.6446974926624455,
        "0.5555555555555556": 0.6446974926624455,
        "0.6666666666666666": 0.6446974926624455,
        "0.7777777777777777": 0.6446974926624455,
        "0.8888888888888888": 0.6446974926624455,
        "1.0": 0.6446974926624455
    },
    "NDCG": {
        "0.0": 0.6844656899469589,
        "0.1111111111111111": 0.6844656899469589,
        "0.2222222222222222": 0.6844656899469589,
        "0.3333333333333333": 0.6844656899469589,
        "0.4444444444444444": 0.6844656899469589,
        "0.5555555555555556": 0.6844656899469589,
        "0.6666666666666666": 0.6844656899469589,
        "0.7777777777777777": 0.6844656899469589,
        "0.8888888888888888": 0.6844656899469589,
        "1.0": 0.6844656899469589
    }
}